title,cluster
Inception,1
Interstellar,0
The Dark Knight,0
Avatar,3
The Avengers,1
Deadpool,0
Avengers Infinity War,2
Fight Club,1
Guardians of the Galaxy,2
Pulp Fiction,1
Forrest Gump,4
Harry Potter and the Philosopher's Stone,1
Iron Man,3
Django Unchained,1
The Shawshank Redemption,1
Avengers Endgame,2
The Matrix,1
Titanic,0
Joker,1
The Lord of the Rings The Fellowship of the Ring,0
The Lord of the Rings The Return of the King,1
Shutter Island,0
The Wolf of Wall Street,1
Avengers Age of Ultron,2
Captain America Civil War,1
The Dark Knight Rises,3
Black Panther,2
Doctor Strange,2
Mad Max Fury Road,3
Inglourious Basterds,1
The Hunger Games,3
Spider-Man Homecoming,2
Harry Potter and the Chamber of Secrets,1
Guardians of the Galaxy Vol. 2,2
The Lord of the Rings The Two Towers,0
Harry Potter and the Prisoner of Azkaban,1
Batman Begins,0
Thor Ragnarok,2
Inside Out,2
Se7en,3
Harry Potter and the Goblet of Fire,1
Pirates of the Caribbean The Curse of the Black Pearl,0
Harry Potter and the Deathly Hallows Part 2,1
Star Wars,1
Wonder Woman,1
Up,2
Ant-Man,1
The Godfather,3
The Martian,1
Back to the Future,0
Star Wars The Force Awakens,2
Spider-Man No Way Home,2
Harry Potter and the Order of the Phoenix,1
Harry Potter and the Half-Blood Prince,1
Logan,1
Finding Nemo,2
It,0
John Wick,1
Fantastic Beasts and Where to Find Them,1
Harry Potter and the Deathly Hallows Part 1,1
Coco,2
Captain America The Winter Soldier,1
Spider-Man,2
WALL·E,0
Gone Girl,0
The Hobbit An Unexpected Journey,1
"Monsters, Inc.",1
Toy Story,2
The Revenant,0
The Lion King,2
Gladiator,0
The Truman Show,2
The Incredibles,2
Arrival,0
Parasite,1
Split,0
Deadpool 2,1
The Shining,4
Kill Bill Vol. 1,4
The Hunger Games Catching Fire,3
The Intouchables,1
Get Out,1
The Imitation Game,1
Bohemian Rhapsody,0
The Green Mile,1
The Maze Runner,1
The Hangover,1
The Empire Strikes Back,0
Shrek,2
Ratatouille,1
Kingsman The Secret Service,4
La La Land,0
Frozen,0
Dunkirk,0
Zootopia,2
Jurassic Park,3
The Silence of the Lambs,0
Pirates of the Caribbean Dead Man's Chest,1
Now You See Me,1
The Prestige,3
I Am Legend,1
Saving Private Ryan,0
Baby Driver,1
Schindler's List,3
Return of the Jedi,1
Spider-Man Far From Home,1
Skyfall,4
Gravity,3
X-Men Days of Future Past,1
Ready Player One,2
Catch Me If You Can,4
Rogue One A Star Wars Story,1
Despicable Me,2
Spider-Man 2,2
Spider-Man Into the Spider-Verse,1
Charlie and the Chocolate Factory,2
Whiplash,3
The Departed,0
The Grand Budapest Hotel,1
Toy Story 3,2
Memento,3
Eternal Sunshine of the Spotless Mind,1
Léon The Professional,3
V for Vendetta,3
Her,1
Pirates of the Caribbean At World's End,1
The Hobbit The Battle of the Five Armies,1
Reservoir Dogs,0
The Hateful Eight,0
Alien,3
Sherlock Holmes,1
A Quiet Place,0
Kill Bill Vol. 2,4
Toy Story 2,2
Men in Black,3
Edge of Tomorrow,1
300,1
Blade Runner,1
Star Wars Episode III - Revenge of the Sith,3
Hacksaw Ridge,0
Brave,1
Maleficent,1
Life of Pi,1
Ex Machina,1
Blade Runner 2049,1
Ice Age,1
The Hobbit The Desolation of Smaug,0
Once Upon a Time… in Hollywood,2
Life Is Beautiful,1
American Sniper,1
How to Train Your Dragon,1
Incredibles 2,2
Edward Scissorhands,1
John Wick Chapter 2,1
X-Men First Class,1
A Clockwork Orange,4
The Curious Case of Benjamin Button,3
The Terminator,1
Back to the Future Part II,2
Terminator 2 Judgment Day,1
GoodFellas,3
Drive,3
Wreck-It Ralph,1
Donnie Darko,1
The Great Gatsby,3
Moana,2
The Shape of Water,1
Raiders of the Lost Ark,2
Zombieland,1
Finding Dory,2
Me Before You,1
1917,1
Call Me by Your Name,1
Silver Linings Playbook,3
Shrek 2,1
The Godfather Part II,3
American Beauty,0
The Social Network,3
Knives Out,1
Good Will Hunting,1
The Devil Wears Prada,1
Taxi Driver,1
Fury,1
Kick-Ass,2
No Country for Old Men,3
Rise of the Planet of the Apes,1
Ocean's Eleven,4
The Sixth Sense,3
Amélie,3
Scarface,3
Prisoners,3
American History X,4
The Conjuring,0
The Notebook,1
12 Years a Slave,1
2001 A Space Odyssey,0
Aladdin,0
Green Book,1
Tangled,1
Cast Away,0
Kung Fu Panda,2
E.T. the Extra-Terrestrial,1
Taken,1
The Big Lebowski,3
Dawn of the Planet of the Apes,1
Dead Poets Society,1
Your Name.,1
Die Hard,3
Home Alone,1
The Matrix Reloaded,1
The Theory of Everything,1
Nightcrawler,1
Gran Torino,3
Furious 7,0
Casino Royale,1
The Fifth Element,3
Slumdog Millionaire,3
Monsters University,2
Limitless,3
The Perks of Being a Wallflower,1
Pan's Labyrinth,2
Jumanji,2
Avatar The Way of Water,1
"The Chronicles of Narnia The Lion, the Witch and the Wardrobe",1
American Psycho,3
Sherlock Holmes A Game of Shadows,1
John Wick Chapter 3 - Parabellum,0
Back to the Future Part III,2
Full Metal Jacket,4
Birds of Prey (and the Fantabulous Emancipation of One Harley Quinn),1
One Flew Over the Cuckoo's Nest,4
The Usual Suspects,1
Zodiac,0
Jaws,0
A Beautiful Mind,1
Soul,0
Aladdin,0
Dune,1
X2,0
Troy,1
(500) Days of Summer,4
Braveheart,1
The Lion King,2
Star Trek,3
Indiana Jones and the Last Crusade,2
Black Widow,1
Psycho,1
Beauty and the Beast,2
Mission Impossible - Ghost Protocol,1
Zack Snyder's Justice League,1
Toy Story 4,2
Godzilla vs. Kong,0
Frozen II,1
Into the Wild,1
Trainspotting,4
Hidden Figures,1
How to Train Your Dragon 2,1
Mulan,2
Sonic the Hedgehog,2
Million Dollar Baby,3
The Greatest Showman,2
Shazam!,3
Aliens,1
Tenet,1
Jojo Rabbit,1
District 9,0
Howl's Moving Castle,2
Room,1
The Bourne Identity,1
Encanto,2
Unbreakable,3
Star Trek Into Darkness,1
The Batman,0
Cruella,3
Indiana Jones and the Temple of Doom,2
Watchmen,1
The Nightmare Before Christmas,1
Shang-Chi and the Legend of the Ten Rings,1
Alita Battle Angel,1
The Pianist,3
Saw,0
The Big Short,1
Snatch,4
Corpse Bride,2
Mission Impossible - Rogue Nation,0
The King's Speech,4
The Equalizer,3
Ghostbusters,2
To All the Boys I've Loved Before,4
Hotel Transylvania,1
War for the Planet of the Apes,1
Minority Report,1
Dallas Buyers Club,0
Doctor Strange in the Multiverse of Madness,1
Mean Girls,4
Sicario,0
Oldboy,1
After,1
About Time,1
"Crazy, Stupid, Love.",1
The Conjuring 2,3
Spotlight,1
Shaun of the Dead,1
"The Good, the Bad and the Ugly",1
Argo,0
Top Gun,1
Source Code,1
The Suicide Squad,2
Twelve Monkeys,3
Free Guy,1
12 Angry Men,4
Luca,2
Fast Five,0
Bad Boys for Life,1
Top Gun Maverick,1
Sin City,1
The Help,4
Mission Impossible - Fallout,1
Apocalypse Now,0
The Breakfast Club,1
Sing,1
Wonder,1
Pride & Prejudice,1
10 Things I Hate About You,4
Pretty Woman,4
The Little Mermaid,2
Fargo,0
Predator,3
Groundhog Day,1
The Exorcist,3
The Terminal,1
The Lego Movie,2
The Nice Guys,1
Princess Mononoke,2
Don't Look Up,4
Nocturnal Animals,3
Scott Pilgrim vs. the World,1
Batman,3
Maze Runner The Death Cure,1
Rocky,4
The Bourne Ultimatum,1
The Secret Life of Walter Mitty,1
BlacKkKlansman,3
127 Hours,0
Blood Diamond,3
Ralph Breaks the Internet,2
The Bourne Supremacy,1
Ford v Ferrari,4
Coraline,0
Creed,3
Hot Fuzz,1
The Kissing Booth,1
Don't Breathe,0
The Butterfly Effect,3
Hereditary,1
Snow White and the Seven Dwarfs,2
Hercules,2
Hugo,1
Grease,1
The Super Mario Bros. Movie,2
Juno,4
Lost in Translation,1
City of God,0
Big Fish,0
Train to Busan,1
8 Mile,3
Sully,1
F9,1
Moonlight,0
Superbad,1
Rush,1
Nerve,3
Heat,3
The Boy in the Striped Pyjamas,1
Constantine,1
Little Miss Sunshine,4
Children of Men,0
Marriage Story,0
The Girl with the Dragon Tattoo,3
Brokeback Mountain,0
Captain Phillips,3
Bridge of Spies,1
Puss in Boots The Last Wish,2
Seven Pounds,1
The Last Samurai,0
Raya and the Last Dragon,1
mother!,2
Cinderella,4
Tarzan,2
Hachi A Dog's Tale,1
The Thing,1
Rise of the Guardians,1
Nobody,1
Pitch Perfect,1
The Irishman,1
Lion,1
The Intern,1
Sleepy Hollow,3
The Proposal,4
Midsommar,1
Scream,3
Beetlejuice,1
The Emperor's New Groove,2
28 Days Later,0
The Age of Adaline,1
Gangs of New York,3
"Lock, Stock and Two Smoking Barrels",3
Love Actually,4
Mystic River,3
Captain Fantastic,1
There Will Be Blood,3
The Game,3
"Love, Rosie",1
The Others,3
Rear Window,1
Predestination,1
The Impossible,1
The Blind Side,1
The Man from U.N.C.L.E.,1
Jackie Brown,3
Prey,0
Gremlins,1
How to Train Your Dragon The Hidden World,2
Rain Man,1
One Hundred and One Dalmatians,4
The Jungle Book,4
Gattaca,1
"Love, Simon",1
A.I. Artificial Intelligence,3
Little Women,1
Maleficent Mistress of Evil,4
A Quiet Place Part II,0
What Happened to Monday,0
Onward,2
Dirty Dancing,4
First Blood,1
Lilo & Stitch,2
Mulholland Drive,3
The Accountant,1
Mrs. Doubtfire,1
The Godfather Part III,3
Die Hard With a Vengeance,3
Speed,3
The Lobster,4
Notting Hill,1
Eyes Wide Shut,0
Enola Holmes,1
Extraction,1
Mr. Nobody,0
The Danish Girl,0
No Time to Die,3
Black Panther Wakanda Forever,1
Black Adam,1
Sweeney Todd The Demon Barber of Fleet Street,1
Alice in Wonderland,2
Pinocchio,2
Moonrise Kingdom,4
The Devil's Advocate,3
Mortal Kombat,3
From Dusk Till Dawn,3
The Conjuring The Devil Made Me Do It,3
"I, Tonya",1
Training Day,1
Interview with the Vampire,3
Stand by Me,0
Inside Man,4
The Invisible Man,0
Monty Python and the Holy Grail,2
The Goonies,2
Five Feet Apart,1
Vertigo,4
Total Recall,3
Casino,3
Moon,3
Bambi,2
Who Framed Roger Rabbit,2
Everything Everywhere All at Once,4
Black Hawk Down,1
Jungle Cruise,1
The Hurt Locker,0
The Untouchables,3
Southpaw,0
School of Rock,4
Collateral Beauty,4
The Wizard of Oz,2
Dr. Strangelove or How I Learned to Stop Worrying and Love the Bomb,0
The Iron Giant,0
Ghost,0
The Machinist,0
Collateral,3
The Gentlemen,1
Barbie,4
Uncharted,1
The Princess and the Frog,2
After We Collided,0
Apocalypto,0
Citizen Kane,0
Creed II,1
Apollo 13,3
Brother Bear,2
Peter Pan,4
Halloween,3
Les Misérables,1
Anastasia,1
Guardians of the Galaxy Vol. 3,1
American Gangster,3
Casablanca,4
The Aviator,0
First Man,1
True Grit,1
Orphan,1
Lady and the Tramp,4
Once Upon a Time in America,0
Boyhood,1
FaceOff,3
Bullet Train,1
Fantastic Mr. Fox,0
Darkest Hour,3
Wind River,0
Love & Other Drugs,1
Man on Fire,1
The Aristocats,2
Moneyball,1
In Bruges,1
John Wick Chapter 4,1
Law Abiding Citizen,3
Wrath of Man,1
Bram Stoker's Dracula,0
The Town,1
A Nightmare on Elm Street,1
The Hunchback of Notre Dame,1
Meet Joe Black,3
The Lego Batman Movie,2
The Holiday,1
RoboCop,1
Glass Onion A Knives Out Mystery,1
The Illusionist,0
Turning Red,1
Ferris Bueller's Day Off,1
The Founder,4
L.A. Confidential,1
Isle of Dogs,4
Shooter,1
Spider-Man Across the Spider-Verse,2
Starship Troopers,1
Rush Hour,1
Bridge to Terabithia,1
The Lighthouse,0
Mary Poppins,2
Marley & Me,4
Rocketman,1
Lord of War,4
Uncut Gems,3
Dilwale Dulhania Le Jayenge,2
The Lovely Bones,0
Spirit Stallion of the Cimarron,1
Fear and Loathing in Las Vegas,2
The Rock,0
Sonic the Hedgehog 2,2
Moulin Rouge!,3
The Invisible Guest,0
Perfume The Story of a Murderer,3
Warrior,3
The Princess Bride,0
The Royal Tenenbaums,1
Misery,3
Lethal Weapon,3
The Black Phone,0
Equilibrium,3
Perfect Strangers,0
The Addams Family,1
Hell or High Water,0
The Book Thief,1
Platoon,1
Snowden,1
Airplane!,1
Donnie Brasco,1
Matilda,1
Contact,1
Robin Hood,4
If I Stay,1
The Fighter,3
The Passion of the Christ,0
Rocky IV,1
Clueless,1
Blow,1
Life of Brian,2
[REC],3
Rocky II,3
Doctor Sleep,0
Unforgiven,3
Being John Malkovich,1
Cinema Paradiso,2
The Fly,3
Once Upon a Time in the West,1
Sing 2,1
Lone Survivor,0
One Day,1
Philadelphia,3
Ready or Not,1
Upgrade,3
Ghostbusters Afterlife,0
Red Dragon,3
Breakfast at Tiffany's,4
Fast X,1
Changeling,3
Unbroken,0
It's a Wonderful Life,1
Atonement,1
Close Encounters of the Third Kind,3
Amadeus,3
Dances with Wolves,1
The Edge of Seventeen,1
The Old Guard,1
Invictus,1
The Fugitive,3
The Blues Brothers,1
The Adam Project,1
The Karate Kid,0
Treasure Planet,0
"O Brother, Where Art Thou",1
The Parent Trap,4
A Walk to Remember,1
Ponyo,2
Match Point,4
A Fistful of Dollars,2
Oppenheimer,2
The Judge,1
Stardust,1
The Hunt,3
Lucky Number Slevin,1
Castle in the Sky,2
North by Northwest,4
Akira,4
Before Sunrise,4
The NeverEnding Story,2
Roma,1
The Menu,1
Gone with the Wind,0
The Birds,4
The Ballad of Buster Scruggs,0
True Lies,1
When Harry Met Sally...,1
Love and Monsters,1
What's Eating Gilbert Grape,3
Beverly Hills Cop,1
The Prince of Egypt,2
La Haine,3
Dawn of the Dead,0
Straight Outta Compton,3
Fracture,3
The Northman,1
"Everything, Everything",4
Searching,3
The Evil Dead,1
A Silent Voice The Movie,2
Begin Again,1
Kiki's Delivery Service,2
Billy Elliot,0
Annie Hall,4
For a Few Dollars More,4
The Sword in the Stone,4
The Patriot,1
The Crow,3
Klaus,1
Legend,3
Rosemary's Baby,0
The Croods A New Age,2
Identity,4
5050,1
Enemy of the State,0
The Road to El Dorado,2
Superman,1
Downfall,3
The Bucket List,1
As Good as It Gets,1
Ip Man,0
Carol,0
Chinatown,2
"Girl, Interrupted",0
Molly's Game,1
Babel,3
Carrie,3
Demon Slayer -Kimetsu no Yaiba- The Movie Mugen Train,2
The Call of the Wild,0
Modern Times,2
Gone Baby Gone,0
Remember Me,1
Crazy Rich Asians,2
Kubo and the Two Strings,0
Finding Neverland,1
Paddington,1
To the Bone,0
Memories of Murder,1
The Wrestler,3
Bicentennial Man,1
The Lives of Others,3
The Disaster Artist,1
Road to Perdition,3
Falling Down,1
Big,3
The Handmaiden,1
The Naked Gun From the Files of Police Squad!,1
Mad Max 2,2
Enemy at the Gates,3
Transformers Rise of the Beasts,1
Goldfinger,1
310 to Yuma,4
What We Do in the Shadows,3
The Darjeeling Limited,2
Midnight Sun,1
Seven Samurai,3
Sleepers,3
Magnolia,3
The Talented Mr. Ripley,3
Fall,1
13 Hours The Secret Soldiers of Benghazi,1
M3GAN,1
Melancholia,1
Serenity,1
Point Break,1
The Last Song,1
Crash,3
Brothers,4
A Few Good Men,3
Asterix & Obelix Mission Cleopatra,2
Nausicaä of the Valley of the Wind,2
The Elephant Man,3
War Horse,0
Some Like It Hot,4
"Extremely Wicked, Shockingly Evil and Vile",3
P.S. I Love You,1
Saving Mr. Banks,4
Mamma Mia! Here We Go Again,1
A Monster Calls,0
Natural Born Killers,0
Lethal Weapon 2,1
Willy Wonka & the Chocolate Factory,1
The Raid,1
Cape Fear,3
Vice,3
Planet of the Apes,2
Harry Potter 20th Anniversary Return to Hogwarts,1
Wild Tales,1
Finch,1
Battle Royale,3
A Dog's Purpose,1
Before Sunset,3
The Wave,3
Minions The Rise of Gru,2
Primal Fear,0
Lightyear,1
Thelma & Louise,1
The Great Dictator,1
The Devil All the Time,1
The Artist,3
Brazil,1
Scent of a Woman,0
The Graduate,4
Ghost in the Shell,2
Chef,1
Eastern Promises,3
The Sound of Music,4
Patch Adams,4
The Fox and the Hound,2
Blue Velvet,1
The Last Duel,4
End of Watch,1
The Hunt for Red October,0
The Lincoln Lawyer,1
The Longest Ride,1
Raw,0
Trading Places,2
Brooklyn,1
Porco Rosso,4
The King,3
"Crouching Tiger, Hidden Dragon",0
A History of Violence,1
The Virgin Suicides,1
Young Frankenstein,2
Still Alice,1
The Texas Chain Saw Massacre,0
Boogie Nights,3
21 Grams,3
Carlito's Way,3
Erin Brockovich,1
Singin' in the Rain,4
Master and Commander The Far Side of the World,1
Lawless,1
Army of Darkness,2
Silence,0
Last Night in Soho,1
The Tomorrow War,1
Escape from New York,3
Fantasia,0
Three Steps Above Heaven,4
The Reader,3
Memoirs of a Geisha,3
Elvis,2
Promising Young Woman,1
The Last of the Mohicans,0
Evil Dead II,3
The Trial of the Chicago 7,1
Through My Window,1
The Girl with the Dragon Tattoo,3
Carnage,1
The Butler,1
Hocus Pocus,1
The Master,1
The SpongeBob Movie Sponge on the Run,2
The Name of the Rose,2
Dragon Ball Super Broly,2
The Thin Red Line,0
Big Trouble in Little China,2
All the Bright Places,1
The Seventh Seal,3
They Live,0
From Russia with Love,4
Lawrence of Arabia,4
Poltergeist,0
Palm Springs,1
Let the Right One In,0
Nomadland,1
Instant Family,1
Dog Day Afternoon,0
The Orphanage,3
The Wind Rises,1
Office Space,4
Flipped,1
The Best Offer,1
Ferdinand,1
The Next Three Days,1
Suspiria,3
Walk the Line,4
The Dreamers,1
Coach Carter,0
Hotel Rwanda,0
The Life Aquatic with Steve Zissou,2
The Darkest Minds,0
Good Time,2
The Little Prince,2
The Abyss,3
Seven Years in Tibet,1
Irreversible,3
The Mitchells vs. the Machines,2
Spies in Disguise,2
The Rocky Horror Picture Show,3
Greyhound,1
Paths of Glory,3
Mud,1
Coherence,1
The Secret World of Arrietty,1
Dragon Ball Super Super Hero,2
Barry Lyndon,4
Escape from Alcatraz,0
Christopher Robin,4
August Rush,0
Dark City,3
The Florida Project,1
Kung Fu Hustle,4
Tucker and Dale vs. Evil,1
Elemental,2
Ben-Hur,4
Guillermo del Toro's Pinocchio,3
"South Park Bigger, Longer & Uncut",2
Almost Famous,0
Peter Pan,4
Kiss Kiss Bang Bang,2
True Romance,3
The Book of Life,2
Wallace & Gromit The Curse of the Were-Rabbit,2
"Good Morning, Vietnam",1
Metropolis,0
The Best of Me,1
Remember the Titans,3
Me and Earl and the Dying Girl,1
Martyrs,3
Patriots Day,0
They Call Me Jeeg,1
Rope,3
Booksmart,1
Concussion,3
Chicago,1
To Kill a Mockingbird,4
Munich,3
The Land Before Time,2
Lost Highway,0
Dial M for Murder,0
The Sting,1
Amores Perros,3
In the Mood for Love,0
Incendies,1
Dungeons & Dragons Honor Among Thieves,2
Legends of the Fall,1
Sunset Boulevard,3
The Space Between Us,1
Evil Dead Rise,1
Loving Vincent,0
Richard Jewell,1
The Great Escape,4
The Boss Baby Family Business,4
The Assassination of Jesse James by the Coward Robert Ford,0
Awakenings,0
Clerks,4
Sound of Metal,3
I Saw the Devil,1
Midway,1
Rushmore,2
A Time to Kill,3
Don't Breathe 2,1
The Big Sick,1
Babylon,1
Adaptation.,4
Tom Clancy's Without Remorse,3
Beautiful Boy,4
Run,3
The Forever Purge,1
Dirty Harry,4
Hustle,1
Dogville,4
Safe Haven,1
Portrait of a Lady on Fire,3
Eraserhead,3
The Boondock Saints,3
Ghostland,3
John Q,0
Perfect Blue,0
Night of the Living Dead,1
K-PAX,3
Enola Holmes 2,1
Labyrinth,4
Descendants,1
Before Midnight,1
25th Hour,4
3 Idiots,2
The Man from Earth,3
Elite Squad,0
Green Street Hooligans,3
Bicycle Thieves,4
Manhattan,0
A Bronx Tale,3
Sherlock The Abominable Bride,1
Last Christmas,1
An American Werewolf in London,2
The Raid 2,3
What Dreams May Come,0
Ed Wood,3
Every Day,1
Sing Street,3
Gandhi,1
Monster,0
Burlesque,3
I Am Sam,0
Paddington 2,1
Stranger Than Fiction,1
Wolf Children,1
Selma,3
National Lampoon's Christmas Vacation,2
The Legend of 1900,0
Punch-Drunk Love,1
The Banshees of Inisherin,0
King Richard,4
Men of Honor,1
Ip Man 2,1
The Fundamentals of Caring,1
8½,3
The First Time,1
Just Mercy,1
Hero,1
Milk,1
Kramer vs. Kramer,4
Pi,2
The Apartment,4
The King of Comedy,4
Malena,1
Run Lola Run,3
Freedom Writers,1
Shaolin Soccer,1
Galaxy Quest,2
Das Boot,2
Cinderella Man,3
Creed III,1
The Hate U Give,1
Butch Cassidy and the Sundance Kid,4
The Pope's Exorcist,1
Holidate,1
Eddie the Eagle,1
Weathering with You,1
The Shack,0
Thank You for Smoking,1
The Boat That Rocked,1
City Lights,2
Rashomon,1
My Sister's Keeper,1
Dogtooth,4
The Christmas Chronicles,2
Videodrome,3
A Fish Called Wanda,4
The English Patient,1
The Bridges of Madison County,0
The 400 Blows,3
Spartacus,4
Traffic,3
Persona,3
CODA,1
The Warriors,2
Trolls World Tour,2
M,3
The Last King of Scotland,0
Frida,1
My Girl,1
Balto,2
Mean Streets,4
Abominable,2
Tombstone,1
The Cat Returns,0
The Kid,0
The Negotiator,3
JFK,4
Dawn of the Dead,0
Raising Arizona,4
Dark Waters,3
Climax,1
Letters from Iwo Jima,0
The Bridge on the River Kwai,4
The Return of the Living Dead,2
A Man Called Otto,1
Lolita,4
Hunt for the Wilderpeople,1
We Were Soldiers,3
The Girl Who Leapt Through Time,1
The Life of David Gale,3
Wall Street,3
Dazed and Confused,2
Shoplifters,0
Scream VI,1
Roman Holiday,4
"tick, tick... BOOM!",0
Togo,1
The Omen,3
Extraction 2,1
Colonia,1
On My Skin,1
The Lost Boys,3
Easy Rider,4
Stuck in Love,1
High Fidelity,4
Ray,3
Mary and Max,1
The Choice,1
The Basketball Diaries,3
Boyz n the Hood,1
To All the Boys Always and Forever,4
5 Centimeters Per Second,0
Persepolis,2
Nosferatu,0
The Fabelmans,1
Willow,2
The Visitors,1
Papillon,0
Ballerina,1
The Dinner Game,4
La Femme Nikita,3
Empire of the Sun,0
Whisper of the Heart,2
Star Trek II The Wrath of Khan,2
Twin Peaks Fire Walk with Me,1
St. Vincent,1
The Woman King,0
Serpico,2
Papillon,0
Kung Fury,2
West Side Story,4
All About My Mother,4
"Planes, Trains and Automobiles",4
Justice League The Flashpoint Paradox,2
Monty Python's The Meaning of Life,2
Love Me If You Dare,0
Enter the Dragon,1
Fear Street 1978,0
La Dolce Vita,0
The Third Man,3
The Bad Guys,1
Duel,4
The Death of Stalin,4
Blazing Saddles,1
42,1
The Unforgivable,0
Mirage,1
Guy Ritchie's The Covenant,0
WarGames,3
Ron's Gone Wrong,1
Bloodsport,1
Pay It Forward,1
The Insider,3
The French Connection,3
Miss Sloane,4
The Way Way Back,1
The Guardians of the Galaxy Holiday Special,1
All the President's Men,0
Lars and the Real Girl,1
Paperman,1
Funny Games,3
Dancer in the Dark,3
Clifford the Big Red Dog,2
When Marnie Was There,1
Whatever Works,1
Double Indemnity,1
Nebraska,3
The Count of Monte Cristo,3
Man on the Moon,1
Beasts of No Nation,0
Violent Night,1
Friday,4
The Magnificent Seven,4
Tootsie,4
Star Trek First Contact,1
Frequency,3
In the Name of the Father,3
Take Shelter,0
Anomalisa,0
Scoob!,1
Rebecca,3
Crimson Tide,3
#Alive,1
A Separation,1
Emma.,1
Volver,4
Ip Man 3,1
Do the Right Thing,1
The Tale of The Princess Kaguya,4
Rounders,3
Lolita,4
Ong-Bak,3
The Color Purple,0
Doubt,3
"Paris, Texas",1
Midnight Express,3
The Guilty,3
From Up on Poppy Hill,2
Capernaum,0
The Hours,1
Detroit,3
Suffragette,1
Pleasantville,1
Chungking Express,0
Sense and Sensibility,1
Network,4
Precious,0
Clue,3
It's Only the End of the World,1
Barton Fink,1
Heathers,0
Descendants 2,1
The Angry Birds Movie 2,2
The Conversation,2
Philomena,4
The Wailing,2
Strangers on a Train,4
Fear Street 1666,0
The Great Mouse Detective,4
The Maltese Falcon,1
The Last Emperor,1
Ruby Sparks,1
Miller's Crossing,0
La Vie en Rose,3
Trumbo,1
Rebel Without a Cause,1
Lady Vengeance,2
Sideways,0
Mississippi Burning,3
Witness,3
The Phantom of the Opera,3
SupermanShazam! The Return of Black Adam,2
In the Mouth of Madness,3
Batman Under the Red Hood,2
Braindead,3
Little White Lies,1
Hocus Pocus 2,1
The Dead Zone,3
"Batman The Dark Knight Returns, Part 1",1
Wild at Heart,3
Jacob's Ladder,3
Lady and the Tramp,4
A Beautiful Day in the Neighborhood,1
Infernal Affairs,1
Bonnie and Clyde,1
Luck,1
Race,1
Glory,0
Eye in the Sky,3
The Social Dilemma,0
The Gold Rush,0
The Animatrix,2
mid90s,1
Driving Miss Daisy,4
Notorious,1
Deliverance,0
Dead Man,0
The Zookeeper's Wife,1
Following,0
Only the Brave,1
Burning,0
On the Waterfront,1
Bowling for Columbine,0
No Hard Feelings,1
The Ten Commandments,2
Who Am I,3
The Night of the Hunter,3
All About Eve,4
The Half of It,1
Animal House,2
Frankenstein,0
Eighth Grade,0
Air,4
Dope,1
A Prophet,4
National Lampoon's Vacation,1
Neon Genesis Evangelion The End of Evangelion,0
Descendants 3,2
Hotel Mumbai,0
The Cabinet of Dr. Caligari,2
My Cousin Vinny,1
The Guardian,1
Ran,0
Jane Eyre,1
The Straight Story,0
To Catch a Thief,0
A Dog's Journey,1
Justice League Dark Apokolips War,2
Audition,3
The Boy and the Beast,1
Pink Floyd The Wall,0
United 93,2
Angel Heart,3
The Killing,1
Y Tu Mamá También,3
Judas and the Black Messiah,3
"Batman The Dark Knight Returns, Part 2",1
Before the Devil Knows You're Dead,4
DC League of Super-Pets,2
EverAfter,1
The Hundred-Foot Journey,4
Star Trek IV The Voyage Home,2
King Kong,2
I Want to Eat Your Pancreas,1
Sisu,0
Marrowbone,1
Ghosted,1
Submarine,4
Where the Crawdads Sing,3
Deep Red,4
Stepmom,1
Field of Dreams,1
The Big Blue,0
Re-Animator,3
Boruto Naruto the Movie,2
Palmer,1
The Art of Racing in the Rain,1
Mother,3
Fahrenheit 911,0
The Man Who Knew Infinity,1
Woman in Gold,1
Dog,1
Brain on Fire,0
Malcolm & Marie,3
Touch of Evil,0
Song of the Sea,2
A Street Cat Named Bob,4
Boy Erased,0
Mortal Kombat Legends Scorpion's Revenge,2
Land of Mine,0
Mustang,1
Delicatessen,3
Fresh,1
The Light Between Oceans,1
Leaving Las Vegas,3
High Noon,0
Tolkien,1
Kill Your Darlings,0
Elizabeth,3
The Farewell,1
American Graffiti,4
I See You,3
Ghost World,4
This Is Spinal Tap,1
After Hours,4
Sympathy for Mr. Vengeance,0
The Mission,1
The Doors,1
Murder on the Orient Express,2
Tell No One,0
The Hurricane,3
Yojimbo,0
Cool Hand Luke,4
Fatherhood,1
A League of Their Own,2
The Sea Beast,0
Out of Africa,4
Blow Out,3
Ring,0
Across the Universe,3
Blood Simple,1
The Searchers,0
The Girl Who Kicked the Hornet's Nest,3
The Traitor,1
A Streetcar Named Desire,4
A Whisker Away,0
The Man Who Knew Too Much,4
Belfast,1
Charade,4
Hamilton,0
The Book of Henry,1
Witness for the Prosecution,3
First Reformed,3
My Life as a Zucchini,2
Pride,4
Fright Night,0
Midnight Cowboy,3
Christiane F.,2
The Fisher King,1
Over the Moon,2
Fried Green Tomatoes,1
Boys Don't Cry,0
Once,1
My Name Is Khan,3
Short Term 12,1
They Call Me Trinity,4
The Outsiders,0
Boyka Undisputed IV,1
Free Solo,1
Amistad,0
The Wicker Man,3
Suburra,3
Glengarry Glen Ross,1
Fruitvale Station,3
Mission Impossible - Dead Reckoning Part One,1
The Remains of the Day,1
Manhunter,3
The Man from Nowhere,3
The Chaser,3
Fearless,1
The Thirteenth Floor,0
I Lost My Body,2
My Fair Lady,1
Wish Dragon,1
The Addams Family 2,2
The Body,3
The Fall,0
Cherry,3
Selena,3
Bound by Honor,1
The Rainmaker,1
Toc Toc,4
Star Trek VI The Undiscovered Country,1
PAW Patrol The Movie,2
Cell 211,3
Wings of Desire,0
Escape from Pretoria,1
This Must Be the Place,3
Timecrimes,0
This Is England,1
Forever My Girl,0
The Upside,1
Sabrina,3
The Last Castle,1
Amy,3
Soul Surfer,1
Little Women,1
Headhunters,1
October Sky,3
A Christmas Story,4
Victoria,3
Secret of the Wings,1
Blow-Up,4
Miracles from Heaven,1
French Fried Vacation 2 The Bronzés go Skiing,4
Becoming Jane,1
The Devil's Backbone,3
Day of the Dead,0
A Very Long Engagement,0
I Still Believe,1
Work It,1
It Happened One Night,1
The Flu,0
The General,0
22 July,0
The Dirty Dozen,4
Friends The Reunion,1
Chip 'n Dale Rescue Rangers,1
Shutter,3
The Diving Bell and the Butterfly,1
Jujutsu Kaisen 0,2
RRR,1
Freaks,1
FrostNixon,3
The Treasure of the Sierra Madre,2
Tokyo Godfathers,2
The Wild Bunch,0
The Cider House Rules,1
The Kite Runner,1
Dolemite Is My Name,4
Chemical Hearts,0
The Mafia Kills Only in Summer,3
The Painted Veil,0
Badlands,0
The Postman,4
The First King,0
Thirteen Lives,0
Barbie in The 12 Dancing Princesses,2
Dracula,2
The Professor and the Madman,0
Geri's Game,4
Suite Française,1
The Spanish Apartment,4
Feel the Beat,4
The School for Good and Evil,1
Final Fantasy VII Advent Children,1
Ghost Dog The Way of the Samurai,3
Disconnect,1
Now Is Good,1
Dangerous Liaisons,3
The Kings of Summer,1
Hunger,3
3-Iron,4
Like Stars on Earth,1
Ladyhawke,3
I Killed My Mother,4
Happiest Season,1
Blackfish,0
A Tale of Two Sisters,1
Drive My Car,1
Battleship Potemkin,4
Teen Titans Go! To the Movies,2
The Way of the Dragon,4
Werewolf by Night,0
March of the Penguins,0
Black Book,3
Batman Beyond Return of the Joker,2
Top Secret!,4
Brimstone,1
Downton Abbey,1
Batman Assault on Arkham,1
High Plains Drifter,1
The Gods Must Be Crazy,0
The Outlaw Josey Wales,4
Blue Beetle,2
Doctor Zhivago,4
Bones and All,4
Three Days of the Condor,0
My Own Private Idaho,4
Wolfwalkers,2
Rio Bravo,1
Biutiful,3
The Wife,3
13 Assassins,1
The Birdcage,1
A Dog's Way Home,1
Amarcord,2
Marnie,1
Shin Godzilla,3
The Man Who Shot Liberty Valance,3
Pelé Birth of a Legend,1
Lemonade Mouth,4
The Dark Crystal,0
An Officer and a Gentleman,4
Stagecoach,2
The Tenant,3
Pearl,1
The Day the Earth Stood Still,0
The Physician,1
Red Shoes and the Seven Dwarfs,2
Bullitt,4
Justice League War,2
The Experiment,0
Breakthrough,1
Ikiru,0
Sleep Tight,3
Finding Forrester,1
The City of Lost Children,1
Talk to Me,3
Patton,4
Arlington Road,1
The Piano Teacher,1
Inland Empire,3
Batman Mask of the Phantasm,2
Harold and Maude,4
"Aguirre, the Wrath of God",0
Son of Batman,2
The Courier,1
In a Heartbeat,1
Johnny Stecchino,4
Reign Over Me,1
Partly Cloudy,0
Midnight Run,4
"Spring, Summer, Fall, Winter... and Spring",4
"Duck, You Sucker",2
Clouds,1
Chaplin,3
Invasion of the Body Snatchers,0
Tinker Bell and the Legend of the NeverBeast,1
Marathon Man,3
Only Yesterday,1
Assault on Precinct 13,0
La Strada,4
Open Range,0
The Young Victoria,1
On the Basis of Sex,1
The Round Up,3
Pale Rider,0
The Hidden Face,3
Naked Lunch,3
What Ever Happened to Baby Jane,3
Magnum Force,4
Invasion of the Body Snatchers,0
Mr. Smith Goes to Washington,4
Mary Shelley,0
Black Box,1
A River Runs Through It,0
In the Heat of the Night,4
The Celebration,1
The Hudsucker Proxy,4
Imagine Me & You,1
The Many Adventures of Winnie the Pooh,2
Mediterraneo,4
Presto,1
The Big Sleep,1
Tokyo Story,0
The Report,0
The House,0
Forgotten,1
Shadow of a Doubt,1
My Hero Academia Two Heroes,2
Space Sweepers,1
Fathers and Daughters,1
The Exorcism of God,1
The Purple Rose of Cairo,4
Possession,2
Anthropoid,3
I'm Not Scared,3
Hannah and Her Sisters,4
Pom Poko,2
Lupin the Third The Castle of Cagliostro,2
Le Samouraï,1
Senna,3
Days of Heaven,0
La Belle Époque,1
Gridiron Gang,0
Decision to Leave,0
Shallow Grave,3
Mysterious Skin,4
The Way He Looks,1
How the Grinch Stole Christmas!,2
Say Anything...,4
Marshland,0
The Mad Adventures of Rabbi Jacob,4
This Boy's Life,0
Tetris,4
Repulsion,4
A Little Princess,3
"Good Night, and Good Luck.",3
PK,1
The Fallout,0
Along with the Gods The Two Worlds,0
Aftersun,0
High Strung,1
Bringing Up Baby,1
Starred Up,3
The Grapes of Wrath,1
Bedknobs and Broomsticks,2
Jules and Jim,0
The Hating Game,1
The Hustler,1
Breaking the Waves,0
Batman Year One,2
The Legend of Drunken Master,0
Calvary,3
Fahrenheit 451,2
Being There,0
Anatomy of a Murder,4
Deconstructing Harry,3
Gentlemen Prefer Blondes,4
A Walk in the Clouds,1
Sherlock Jr.,0
Inside Job,4
The African Queen,1
Toy Story of Terror!,2
Justice League Throne of Atlantis,1
Diabolique,3
Fallen Angels,0
My Name Is Nobody,4
The 39 Steps,0
The Bride of Frankenstein,2
Official Secrets,3
Batman vs. Robin,1
Summer Wars,1
Harakiri,0
Fist of Fury,4
A Taxi Driver,1
Straw Dogs,4
The Witcher Nightmare of the Wolf,0
Searching for Sugar Man,0
Arsenic and Old Lace,4
Forbidden Planet,1
Fantastic Planet,0
Drunken Master,4
The Sea Inside,1
Thirst,3
Heavenly Creatures,3
The Normal Heart,0
This Is It,1
The Towering Inferno,2
Batman Bad Blood,1
The Lady Vanishes,0
The Secret Garden,1
Mia and the White Lion,0
My Left Foot The Story of Christy Brown,4
The Passion of Joan of Arc,3
Confessions,0
Bound,3
Trinity Is Still My Name,1
"The Gangster, the Cop, the Devil",1
Quiz Show,3
Instructions Not Included,4
Django,2
Undisputed III Redemption,1
Man Bites Dog,3
The Seven Year Itch,4
Exit Through the Gift Shop,0
3096 Days,3
"Red, White & Royal Blue",1
Felon,1
Frenzy,3
Godzilla,1
Cabaret,3
Waking Life,2
La Jetée,0
Mickey's Christmas Carol,2
The Wages of Fear,3
A Cinderella Story If the Shoe Fits,1
Notes on a Scandal,3
Man on Wire,0
Casualties of War,3
Justice League Doom,2
A Simple Plan,3
Spellbound,4
The Poseidon Adventure,0
The Siege of Jadotville,0
Women on the Verge of a Nervous Breakdown,4
Night on Earth,0
Joyeux Noel,1
Where Eagles Dare,4
A Royal Affair,1
The Goldfinch,0
Professor Marston and the Wonder Women,1
A Bag of Marbles,1
Nappily Ever After,4
Batman Hush,1
The Outfit,1
The Banker,1
2046,3
Buffalo '66,1
"Rome, Open City",0
Sophie's Choice,0
Love and Death,4
Prey for the Devil,1
Zatoichi,1
Missing Link,2
T-34,1
Crimes and Misdemeanors,4
"20,000 Leagues Under the Sea",1
Who Am I,3
The Protector,3
In the House,1
Zelig,4
Belle de Jour,2
A Bittersweet Life,3
Two Brothers,1
Steven Universe The Movie,2
Dead Ringers,3
The Right Stuff,4
Cowboy Bebop The Movie,2
Police Story,1
The Philadelphia Story,1
Ghost in the Shell 2 Innocence,4
Control,3
Bad Lieutenant,1
The Connection,0
Evangelion 2.0 You Can (Not) Advance,0
Dirty Rotten Scoundrels,1
Seabiscuit,3
Hidden Strike,1
High and Low,3
Nowhere Boy,3
Red Cliff,0
Moxie,1
Guess Who's Coming to Dinner,4
Max,1
The Trouble with Harry,1
Grizzly Man,0
La luna,0
Before the Flood,0
Departures,1
Who's Afraid of Virginia Woolf,3
The Time Machine,2
Loose Cannons,4
One Piece Film Red,2
Thesis,1
The Invisible Man,0
Murder by Death,3
The Secret of NIMH,2
His Girl Friday,1
Nosferatu the Vampyre,4
Bad Genius,1
Evangelion 3.0 You Can (Not) Redo,0
Rurouni Kenshin Part I Origins,1
The Flowers of War,1
Happiness,0
Sunrise A Song of Two Humans,2
The Last Voyage of the Demeter,1
Undisputed II Last Man Standing,3
Peter Rabbit 2 The Runaway,1
The Leopard,1
Hiroshima Mon Amour,4
A Bridge Too Far,0
Harriet,1
Testament of Youth,1
Slumberland,0
Megan Leavey,1
Missing,1
The Heist of the Century,0
The Circus,1
The Player,3
Laura,2
Barbie A Fashion Fairytale,2
Gran Turismo,1
Mirai,2
Sling Blade,3
Suspicion,4
The Guns of Navarone,4
Lifted,0
13th,0
Next Gen,2
Duck Soup,1
Benny & Joon,0
Mary and The Witch's Flower,2
"The Adventures of Priscilla, Queen of the Desert",4
All Quiet on the Western Front,3
Death on the Nile,3
The Wind That Shakes the Barley,1
Resident Evil Death Island,1
Breathe,0
Hard Boiled,3
Evangelion 3.0+1.0 Thrice Upon a Time,4
True Grit,1
Blood and Bone,0
Menace II Society,3
The Discreet Charm of the Bourgeoisie,0
The Science of Sleep,4
Marvel One-Shot Agent Carter,3
Investigation of a Citizen Above Suspicion,3
Champions,1
"McFarland, USA",1
Riders of Justice,1
The Double Life of Véronique,3
Lords of Dogtown,4
The Death of Superman,0
Suzume,2
Everything Is Illuminated,1
Nights of Cabiria,3
The Call,1
Peeping Tom,3
One Cut of the Dead,4
The Keeper of Lost Causes,0
Picnic at Hanging Rock,0
The Party,1
Take the Money and Run,4
Cat on a Hot Tin Roof,4
Judgment at Nuremberg,3
Teen Wolf The Movie,1
The Imposter,0
"Ruby Gillman, Teenage Kraken",2
The Umbrellas of Cherbourg,4
House of Sand and Fog,1
Loveless,3
The Killer,2
Back to the Outback,2
Terms of Endearment,3
Dolores Claiborne,3
The Big Boss,3
East of Eden,4
A Room with a View,0
Gia,0
The Producers,4
The Bird with the Crystal Plumage,2
Icarus,4
Glory Road,0
The Adventures of Robin Hood,2
Scooby-Doo on Zombie Island,2
Little Manhattan,1
Down by Law,4
"The Good, the Bad, the Weird",0
Thirteen Days,1
The Map of Tiny Perfect Things,1
Sicko,1
The Killing Fields,0
"4 Months, 3 Weeks and 2 Days",1
Vivo,2
Cleopatra,2
Jack and the Cuckoo-Clock Heart,2
In Your Eyes,1
The Battle of Algiers,4
Teenage Mutant Ninja Turtles Mutant Mayhem,2
Fireproof,0
Sarah's Key,1
Once Upon a Deadpool,2
New Police Story,1
A Fantastic Woman,0
Miracle on 34th Street,1
Where the Heart Is,1
The King's Daughter,1
Belle,1
Jiro Dreams of Sushi,4
Justice League Crisis on Two Earths,2
Miss You Already,1
The World's Fastest Indian,1
Kelly's Heroes,4
In the Heights,1
The Lunchbox,1
Last Holiday,1
Big Deal on Madonna Street,4
Raise the Red Lantern,1
Boys,1
The Shop Around the Corner,4
Children Who Chase Lost Voices,2
SupermanBatman Apocalypse,2
To Be or Not to Be,4
Vacation Friends,1
Paper Moon,4
La Bamba,3
Bitter Moon,1
Z-O-M-B-I-E-S,1
Tomboy,1
Belle,1
Giant,0
Nine Queens,0
Three Identical Strangers,4
Queen & Slim,0
A Boy Called Christmas,1
Ciao Alberto,1
Sword Art Online The Movie – Ordinal Scale,2
Radio,1
Eyes Without a Face,3
The Act of Killing,0
The Manchurian Candidate,4
Adam's Apples,1
Love & Mercy,1
Cries and Whispers,3
Castaway on the Moon,0
The Andromeda Strain,4
Sin Nombre,0
Futurama Bender's Big Score,2
I Vitelloni,4
Handsome Devil,4
Arizona Dream,0
Freeheld,1
"Lust, Caution",3
The Secret of Kells,2
L'Avventura,4
Grand Illusion,3
An American Crime,3
Suicide Squad Hell to Pay,2
Honey Boy,1
"Like Father, Like Son",1
Romeo and Juliet,0
Joint Security Area,3
Tae Guk Gi The Brotherhood of War,1
Koyaanisqatsi,0
Prison Break The Final Break,1
Live Flesh,3
A Hard Day's Night,4
Steel Magnolias,1
The Sucker,4
The Lover,4
The Last Picture Show,4
Interstate 60,1
One Night in Miami...,1
Blindspotting,1
A Charlie Brown Christmas,4
La Notte,3
CJ7,1
Fireworks,1
In the Loop,1
"Miraculous Ladybug & Cat Noir, The Movie",2
Hair,2
Don't Blame the Kid,1
The Exterminating Angel,3
The Station Agent,1
Ace in the Hole,1
SupermanBatman Public Enemies,2
Underground,3
Shine,0
Miraculous World Shanghai – The Legend of Ladydragon,2
Rudy,0
A Special Day,1
Happy Together,3
The Conformist,0
My Policeman,1
"To Wong Foo, Thanks for Everything! Julie Newmar",1
The Forgotten Battle,1
Cléo from 5 to 7,0
Reign of the Supermen,2
A Hidden Life,1
Hope,1
Phantom of the Paradise,3
The Damned United,1
Quills,1
Apollo 11,0
Kagemusha,3
North Country,0
Jodorowsky's Dune,2
The Lady from Shanghai,0
The Best Years of Our Lives,4
Of Mice and Men,1
El Infierno,1
Waves,1
The Red Shoes,4
Trash,1
The Proposition,0
Devotion,1
Thief,0
Vivre Sa Vie,4
From Here to Eternity,1
Luxo Jr.,3
1900,3
Army of Shadows,4
Marshall,1
The Man Who Would Be King,4
Le Cercle Rouge,3
Sonatine,3
To Live and Die in L.A.,3
Watership Down,0
Candy,1
Ordinary People,3
The Cove,0
The Verdict,3
Barbie The Princess & The Popstar,2
The Greatest Beer Run Ever,0
Gonjiam Haunted Asylum,0
Day for Night,2
The Salt of the Earth,0
Little Big Man,1
"The Cook, the Thief, His Wife & Her Lover",3
The Haunting,0
"Food, Inc.",0
Twin Peaks,0
The Great Train Robbery,0
Far from Heaven,1
Sleuth,1
Conviction,0
The Virgin Spring,3
Les Misérables,1
Ernest & Celestine,4
Children of Heaven,0
The Medium,0
Harvey,0
House,4
Black Dynamite,2
Ninja Scroll,2
"Batman The Long Halloween, Part One",1
Baraka,3
Religulous,1
Scarface,3
Miracle,0
Bullets Over Broadway,0
The One and Only Ivan,0
The Vanishing,3
Sanjuro,0
Beauty and the Beast,2
Jason and the Argonauts,2
Brief Encounter,2
The Illusionist,0
The Great Debaters,1
Secretariat,0
Shane,0
Stalag 17,4
The Changeling,0
El Topo,0
Justice League Gods and Monsters,2
Jeremiah Johnson,0
Barefoot in the Park,4
Silenced,1
Prayers for Bobby,1
The Three Burials of Melquiades Estrada,0
Elevator to the Gallows,2
Stargirl,1
Dracula,2
How to Steal a Million,4
The Young Girls of Rochefort,4
Tunnel,0
The Long Goodbye,4
The Muppet Movie,2
The Way,0
Along with the Gods The Last 49 Days,1
An American in Paris,2
Robin-B-Hood,1
The Last Letter from Your Lover,1
The Stranger,2
Cape Fear,3
Chasing Mavericks,3
20th Century Girl,1
The Lost Weekend,0
Sniper The White Raven,0
Wonder Woman,1
Nimona,2
"Play It Again, Sam",1
The Innocents,3
Justice Society World War II,2
Gilda,1
Words on Bathroom Walls,1
Rocco and His Brothers,4
Rurouni Kenshin Part II Kyoto Inferno,1
Out of the Past,1
The Odd Couple,4
Short Cuts,0
Murder in the First,3
2 Hearts,1
El Angel,1
One Man Band,1
The Accused,3
In This Corner of the World,2
Body Heat,0
The End of the Tour,4
The Wolf Man,2
Armour of God,2
Jesus Christ Superstar,0
Rudolph the Red-Nosed Reindeer,1
Sound of Freedom,3
Searching for Bobby Fischer,1
Band of Outsiders,4
Fiddler on the Roof,4
Somewhere in Time,0
"It's a Mad, Mad, Mad, Mad World",2
Palm Trees in the Snow,1
Knick Knack,4
Jean de Florette,1
Won't You Be My Neighbor,1
In a Lonely Place,1
Farewell My Concubine,4
Ophelia,1
The Getaway,1
Stalingrad,1
Rififi,4
Life Itself,1
The Nightingale,0
Little Boy,0
Dead Man's Shoes,3
Kabhi Khushi Kabhie Gham,3
Withnail & I,0
Carandiru,1
Seven Brides for Seven Brothers,4
Weekend,0
Capitalism A Love Story,4
The Commitments,1
Lorenzo's Oil,1
KONOSUBA – God's blessing on this wonderful world! Legend of Crimson,2
Futurama Into the Wild Green Yonder,2
Operation Condor,1
The Day of the Jackal,3
The Fly,3
Corpus Christi,0
Mon Oncle,2
Two Women,1
The Best of Youth,0
Tora! Tora! Tora!,3
The Wrong Man,4
The Secret Life of Bees,2
Naked,3
Remember Sunday,1
The Day of the Beast,4
Scooby-Doo! and the Cyber Chase,2
Kind Hearts and Coronets,0
The 12th Man,1
BLACKPINK Light Up the Sky,4
Key Largo,1
Stranger Than Paradise,3
Pirates of Silicon Valley,1
The Concert,1
Spirit Untamed,1
Fist of Legend,3
Limelight,4
The Duellists,3
Stand by Me Doraemon,4
A Shot in the Dark,4
One Piece Film Z,2
And Now for Something Completely Different,2
The Sacrifice,0
The Healer,1
"Lyle, Lyle, Crocodile",1
Maurice,0
Wait Until Dark,0
El Dorado,1
Father Stu,1
Never Rarely Sometimes Always,0
Fear of Rain,1
We Are the Nobles,1
The Quiet Man,1
Police Story 2,1
Donkey Skin,2
Kingdom Ashin of the North,1
Dersu Uzala,4
The Good Lie,0
Cowspiracy The Sustainability Secret,1
Viridiana,3
Black Sunday,2
I Stand Alone,4
The Valet,1
To Have and Have Not,4
A Man Escaped,0
"Cyrano, My Love",1
Birdy,3
Five Easy Pieces,4
Shelter,1
The Transformers The Movie,2
Vampyr,0
Zulu,2
Quest for Fire,1
Yellow Submarine,4
Wadjda,1
Manon of the Spring,1
Marriage Italian Style,1
Home,0
A Better Tomorrow,3
"Batman The Long Halloween, Part Two",1
...And Justice for All,1
White Christmas,1
Stargate Continuum,1
Death and the Maiden,1
The Night of the 12th,0
Spirited,1
The First Day of the Rest of Your Life,4
Partysaurus Rex,2
The Witch Part 1. The Subversion,1
Berserk The Golden Age Arc I - The Egg of the King,2
Chocolate,1
Matthias & Maxime,1
Planet Hulk,2
All My Life,1
My Hero Academia World Heroes' Mission,2
Sorcerer,0
The Leisure Seeker,1
Last Year at Marienbad,4
The Yellow Sea,0
Safety Last!,1
Mr. Church,0
Stargate The Ark of Truth,3
The Passenger,4
Hoosiers,1
Sissi,0
Suicide Room,2
Death in Venice,4
The Taking of Pelham One Two Three,2
The Big Heat,1
A Night at the Opera,4
Accattone,0
The Last Metro,1
As the Gods Will,1
Then Came You,4
The Incredible Shrinking Man,4
The Swimming Pool,1
Z,0
La Grande Bouffe,2
One Piece Film GOLD,2
Strange Magic,2
Paris Is Burning,3
Holding the Man,1
Andhadhun,4
Smoke,1
C.R.A.Z.Y.,4
Swan Song,0
All That Jazz,3
The Last Unicorn,2
The Trial,3
War Room,3
Where to Invade Next,4
The Ladykillers,1
Old Henry,0
Hamlet,3
Twice Born,0
Embrace of the Serpent,0
The Asphalt Jungle,1
Gallipoli,3
Gaslight,0
Lost Illusions,1
White Heat,4
Indie Game The Movie,4
Get Carter,3
L'Eclisse,0
Sweet Smell of Success,4
Transamerica,1
Keith,1
Like Water for Chocolate,2
Black Narcissus,1
The Greatest Game Ever Played,1
An Affair to Remember,4
Big Fish & Begonia,2
On Golden Pond,0
A Woman Under the Influence,0
Boiling Point,0
American Splendor,4
Z-O-M-B-I-E-S 2,2
Brubaker,4
White Snake,1
Pandora,0
American Factory,1
Metropolis,0
Russian Ark,0
Bring the Soul The Movie,1
The King of Kong A Fistful of Quarters,2
Boy A,0
Red Cliff II,3
The China Syndrome,3
Medieval,0
Superman Man of Tomorrow,2
Project A,1
Burn the Stage The Movie,0
The Thin Man,2
Sullivan's Travels,1
Red Desert,0
First Cow,0
"Merry Christmas, Mr. Lawrence",3
Fahrenheit 119,0
Flamin' Hot,1
The Last Full Measure,0
The Visitor,4
Brother,4
Purple Noon,1
Pusher II,3
No Man's Land,4
Barney's Version,4
Love Don't Co$t a Thing,1
Yu-Gi-Oh! The Dark Side of Dimensions,2
Vanishing Point,4
Battle for Sevastopol,1
New World,3
The Beguiled,2
Ovosodo,4
"The Boy, the Mole, the Fox and the Horse",4
Dreams,0
Mask,0
Alice Doesn't Live Here Anymore,4
Rang De Basanti,1
No,0
A Hard Day,1
Mulan Rise of a Warrior,1
The Realm,0
She Said,1
Cure,3
How the West Was Won,0
Queen of Katwe,0
Mortal Kombat Legends Battle of the Realms,2
Strays,1
Love & Basketball,1
Batman Death in the Family,2
Lifeboat,1
The Sunset Limited,3
Miracle in Cell No. 7,1
Sophie Scholl The Final Days,1
Desert Flower,0
Welcome to the Dollhouse,4
Knife in the Water,4
The Tale,0
Love Exposure,4
Anima,1
The Ultimate Gift,3
Maudie,1
Scooby-Doo! and the Loch Ness Monster,2
Divorce Italian Style,4
Neon Genesis Evangelion Death and Rebirth,2
Downton Abbey A New Era,1
Husbands and Wives,3
Balloon,0
Tell It to the Bees,1
VictorVictoria,4
"Yesterday, Today and Tomorrow",4
The Captain,1
I Confess,1
Resort to Love,1
A Princess for Christmas,1
Facing the Giants,1
Monsieur Verdoux,0
Crossroads,1
Village of the Damned,4
Once Upon a Time in China,1
A Man for All Seasons,4
"Oslo, August 31st",4
Peaceful Warrior,1
Just Another Christmas,2
Stolen Kisses,0
Mummies,2
Marcel the Shell with Shoes On,1
The Driver,4
The Magnificent Ambersons,0
The Best of Enemies,1
Temple Grandin,1
Monster Pets A Hotel Transylvania Short,2
Inherit the Wind,4
My Darling Clementine,2
Life as a House,1
Once Were Warriors,3
"Josee, the Tiger and the Fish",1
Johnny Guitar,1
Santa Sangre,0
The Magdalene Sisters,3
Interstella 5555,3
Diego Maradona,3
High Heels,0
Funny Girl,2
The 36th Chamber of Shaolin,2
Given,2
The Anthem of the Heart,1
Crush,1
The Hedgehog,1
Ghost in the Shell 2.0,1
Touching the Void,1
Better Days,1
Uncle Frank,1
Paprika,1
I Am a Hero,4
Tini The New Life of Violetta,1
Quo Vadis,4
Woman at War,1
Woman in the Dunes,0
Juice,1
Zabriskie Point,4
Black Sabbath,3
Children of Paradise,2
Infernal Affairs II,1
Pat Garrett & Billy the Kid,1
Irma la Douce,0
Shoot the Piano Player,0
Boy,1
At the End of the Tunnel,1
The Innocents,3
Tickled,0
Straight Outta Nowhere Scooby-Doo! Meets Courage the Cowardly Dog,2
You Don't Know Jack,1
Bedevilled,1
Battlestar Galactica Razor,1
Theorem,4
Bubble,2
My Little Pony The Movie,2
McCabe & Mrs. Miller,4
Walkabout,0
Dog Pound,0
Kes,4
Bingo The King of the Mornings,0
Drishyam,1
How Green Was My Valley,1
Truman,1
Mildred Pierce,0
Whale Rider,1
Sharper,1
Pather Panchali,0
South Park Post COVID The Return of COVID,4
The Great Silence,2
Nashville,4
Red Dog,1
Maria Full of Grace,3
Angel's Egg,1
My Way,3
5 to 7,1
Blood and Black Lace,4
Babette's Feast,2
A Matter of Life and Death,1
The Red Balloon,1
The King and I,4
Cross of Iron,4
The Killers,3
Kuch Kuch Hota Hai,4
Conspiracy,1
Bo Burnham Make Happy,3
Masculin Féminin,4
"It's the Great Pumpkin, Charlie Brown",4
Brigsby Bear,1
Columbus,0
You Can't Take It with You,1
Z-O-M-B-I-E-S 3,2
The Barbarian Invasions,4
Onibaba,0
Ninotchka,4
Phineas and Ferb The Movie Candace Against the Universe,2
Hustle & Flow,3
Johnny Got His Gun,3
Kal Ho Naa Ho,1
The Thin Blue Line,3
Regular Show The Movie,2
"What Happened, Miss Simone",3
Teen Titans Trouble in Tokyo,2
A Place in the Sun,4
Breakfast on Pluto,1
Hedwig and the Angry Inch,1
Missing,1
Lights Out,3
Utøya July 22,1
Marty,0
Kiss Me Deadly,2
Point Blank,4
Fail Safe,4
That Obscure Object of Desire,4
Bagdad Cafe,0
The Man from the Future,4
"One, Two, Three",4
Henry V,1
The Emperor's Club,1
"What's Up, Doc",3
Schumacher,2
if....,3
The Ox-Bow Incident,2
Kwaidan,3
Full Out,2
A Letter to Momo,2
Tokyo Ghoul,3
Bad Day at Black Rock,0
Earth,0
The Silence,4
Pietà,1
Cleveland Abduction,1
Bring Me the Head of Alfredo Garcia,3
Meet Me in St. Louis,4
Don't Torture a Duckling,3
American Me,0
Whitney Houston I Wanna Dance with Somebody,1
My Dinner with Andre,4
Dou kyu sei – Classmates,4
Scarlet Street,0
Vera Drake,3
Still Life,0
Puella Magi Madoka Magica the Movie Part III Rebellion,2
71 Into the Fire,1
I Used to Be Famous,4
Sanju,1
Becket,0
Superheroes,1
The Spy Gone North,1
Harvie Krumpet,0
Fire of Love,4
Noises Off...,1
The Kingdom of Dreams and Madness,1
"Summer of Soul (...Or, When the Revolution Could Not Be Televised)",0
The Attorney,1
Finding Your Feet,4
My Masterpiece,1
The Human Condition III A Soldier's Prayer,0
Best Worst Movie,2
For the Love of Spock,0
Grand Prix,4
Parasyte Part 2,1
Casque d'Or,3
The Mountain II,1
Killer Bean Forever,1
The Nun's Story,1
The Yakuza,4
The Gunfighter,1
Herod's Law,0
We're No Angels,4
Brothers of the Wind,4
The Music Man,4
The Quiet Family,3
Bunny Lake Is Missing,0
Fatima,1
Barbie Star Light Adventure,2
The Friends of Eddie Coyle,4
On Your Wedding Day,1
No Mercy,0
Cesar and Rosalie,4
Pink Floyd Live at Pompeii,2
Not One Less,0
The Way Home,0
Murmur of the Heart,4
The Closet,3
Norma Rae,4
Cirque du Soleil Worlds Away,2
The Little Foxes,3
Father and Daughter,0
One Froggy Evening,2
The Fallen Idol,1
Fatestay night Heaven's Feel III. Spring Song,2
Straight Time,3
My Little Pony Equestria Girls - Rainbow Rocks,2
Trafic,0
The Joker Is Wild,4
The Passion of Anna,0
Macario,0
Cocaine Cowboys,3
Father Goose,4
Tupac Resurrection,0
Gimme Shelter,3
My All American,1
The Naked Kiss,0
Hairspray Live!,4
Ride On,1
Hara-Kiri Death of a Samurai,0
More,3
Moonage Daydream,0
Fire,0
Steel Rain,1
Young Mr. Lincoln,0
Punishment Park,0
Pocketful of Miracles,4
You Only Live Once,4
Masaan,1
The Executioner,1
Mickey's Trailer,2
Mortal Kombat Legends Snow Blind,2
"Monster High Boo York, Boo York",2
The Unknown,2
Two by Two Overboard!,0
Chasing Ice,0
Pokémon the Movie Secrets of the Jungle,2
Where the Sidewalk Ends,0
Sailor Moon R The Movie,2
Burnt by the Sun,0
Halo Legends,2
Cats,3
Case Closed Countdown to Heaven,2
Lion of the Desert,0
Savior,3
Election 2,3
Nowhere in Africa,0
Elling,4
Akron,1
Britney vs. Spears,1
Shithouse,4
Small Country An African Childhood,0
Bully,0
Macbeth,2
Griffin & Phoenix,0
Tabu,4
Taking Chance,3
Blue Collar,4
The Phantom of the Opera at the Royal Albert Hall,0
The Classic,1
Sweet & Sour,1
The Strange Love of Martha Ivers,4
Beyond the Infinite Two Minutes,2
M.S. Dhoni The Untold Story,1
Miss,1
"Bread, Love and Dreams",4
The Big Gundown,0
The Music Never Stopped,1
Tamako Love Story,1
Destry Rides Again,1
The Ballad of Narayama,1
Bigger Than Life,3
55 Days at Peking,2
Scooby-Doo! Mask of the Blue Falcon,2
Fortress of War,0
Navalny,4
Angel Face,1
Miracles,1
Bang Bang You're Dead,1
Secret Superstar,1
"Electric Boogaloo The Wild, Untold Story of Cannon Films",2
Dragon Rider,1
Collective,4
Born Yesterday,2
Godzilla Tokyo S.O.S.,2
Looks That Kill,1
Sunflower,3
The Girl Who Knew Too Much,2
Ragtime,4
The Bachelors,1
Chasing Happiness,1
Monster High 13 Wishes,2
After the Thin Man,4
Raazi,1
I Wish,1
Listen to Me Marlon,0
Criss Cross,1
Somebody Up There Likes Me,4
Summer Interlude,0
Ryan's Daughter,0
The Old Man and the Sea,0
Becoming Astrid,1
The Thief of Bagdad,1
Lilies of the Field,1
Captains Courageous,4
The Big Clock,3
Once Upon a Time in Shanghai,2
Becoming,1
Lunana A Yak in the Classroom,0
Shadows of Forgotten Ancestors,4
Elmer Gantry,2
Before the Rain,1
De Palma,1
Il Mare,0
Lupin the Third Goemon's Blood Spray,2
Blackadder Back & Forth,2
Stutz,3
Metro Manila,4
Dance Academy The Movie,1
The Painting,2
One Child Nation,1
Sound of Noise,1
The Square,0
Hard Hit,3
Mothra,2
Carmen & Lola,4
Ludwig,0
Destiny,3
A New Leaf,4
Pigsty,1
Phoebe in Wonderland,1
Our Times,4
Mister Roberts,1
Sunny,1
Thru The Mirror,4
The Women,4
Masquerade,1
A Year-End Medley,4
Forks Over Knives,0
United,1
"Family Guy Presents Something, Something, Something, Dark Side",2
Dogtown and Z-Boys,0
Dating Amber,1
The Biggest Little Farm,1
Long Shot,0
Mission Possible,1
A Day,1
A Letter to Three Wives,1
Any Number Can Win,1
Hawking,1
The War Game,0
Soldier of Orange,2
Memories of Matsuko,2
The Valley of Gwangi,2
Last Life in the Universe,3
QT8 The First Eight,4
Places in the Heart,1
Sword Art Online the Movie -Progressive- Scherzo of Deep Night,2
Emily,1
"Are You There God It's Me, Margaret.",1
The Last Match,1
Himizu,1
The Big Combo,3
Val,0
Gasland,3
The Pawnbroker,4
Female Prisoner #701 Scorpion,2
Udta Punjab,1
Condorito The Movie,2
Simple Simon,1
Waterloo Bridge,4
The Night of the Iguana,4
Lover Come Back,1
Little Otik,3
Fat City,4
Prince of the City,4
Lonely Are the Brave,4
Submarino,3
A Foreign Affair,1
The Scarecrow,1
The Set-Up,0
Red Army,3
"The Looney, Looney, Looney Bugs Bunny Movie",2
Hachiko,1
Grey Gardens,1
Shall We Dance,4
"Life, Animated",4
Running Out of Time,3
Twinsters,4
Monty Python Live at the Hollywood Bowl,2
Ride Like a Girl,1
Kevin Hart Laugh at My Pain,1
Scooby Goes Hollywood,2
Time of EVE The Movie,4
The Goat,1
Christmas in Connecticut,4
Music Box,0
The Banishment,0
Big George Foreman,1
Jim Jefferies Bare,1
Gambit,4
Taylor Swift The 1989 World Tour - Live,1
Killer,3
Article 15,0
This Man Must Die,4
Folklore The Long Pond Studio Sessions,0
Ju Dou,4
Little Forest,1
Shooting Dogs,0
The Hunting Ground,0
Noriko's Dinner Table,0
The Narrow Margin,2
Breaker Morant,0
The Joy Luck Club,1
Desert Hearts,1
Andre the Giant,1
Best of Enemies,0
Don't Hug Me I'm Scared,2
The Painted Bird,0
Dirty Wars,0
Gamera Guardian of the Universe,2
The Wolf House,0
Sailor Moon SuperS The Movie Black Dream Hole,2
Beastie Boys Story,4
Mario,1
1987 When the Day Comes,1
Escape from Mogadishu,1
The Fear of 13,1
Equus,4
Gold Diggers of 1933,2
Storm Boy,1
Nazarin,0
City on Fire,0
The Taste of Tea,1
Marketa Lazarová,0
The Murderer Lives at Number 21,1
Turtles Forever,2
Violet Perfume,1
Disclosure,3
Windstruck,1
The Crimson Pirate,2
The Crucified Lovers,3
Dear Ex,1
The Agony and the Ecstasy,4
Weekend at Dunkirk,4
Cyborg She,1
Twelve O'Clock High,0
Clock Cleaners,2
Rabbit Fire,2
For All Mankind,3
Cabiria,2
Ulzana's Raid,0
Batman The Dark Knight Returns,1
The Power of One,4
Black Is King,3
Jane,0
Rhapsody in August,0
Sailor Moon S the Movie Hearts in Ice,2
Boccaccio '70,4
Waiting for the Hearse,4
7852,0
Murder Ahoy,2
To Be and to Have,1
Dave Chappelle For What It's Worth,3
No Mercy,0
Neighbors,3
The Harder They Fall,0
Persuasion,1
Birdboy The Forgotten Children,2
The Silent Partner,3
Sahara,1
Sudden Fear,1
The Redeem Team,1
Güeros,1
The Negotiation,1
The Lorax,2
Many Wars Ago,1
The Pervert's Guide to Ideology,2
Vengeance Is Mine,1
Street of Shame,0
Mosul,0
The Dude in Me,1
Conversation Piece,4
Taxi for Tobruk,2
Ro.Go.Pa.G.,0
Shirkers,2
Doctor Who Twice Upon a Time,1
Straight from the Barrio,0
Inazuma Eleven The Movie,2
K.G.F Chapter 2,1
Love Streams,3
Over the Edge,3
"Lacombe, Lucien",3
Biggie I Got a Story to Tell,0
Windstorm 3,1
Hatred,1
Profile,1
A Christmas Carol,4
A Jazzman's Blues,0
George Carlin It's Bad for Ya!,0
The Three Faces of Eve,3
Lemmy,4
"Life, and Nothing More…",1
Survival Family,4
"Comrades, Almost a Love Story",1
Hothead,4
Victim,4
"Dawn Breaks, Which Is No Small Thing",4
Dodsworth,4
Gangubai Kathiawadi,1
Heroin(e),1
A Raisin in the Sun,1
The Survivor,0
No Direction Home Bob Dylan,0
Flying Colors,1
John Rabe,1
Leolo,0
Chhichhore,1
The Barber of Siberia,1
Architecture 101,1
The Whispering Star,0
Kanal,3
Why We Fight,0
Luck-Key,3
Spellbound,4
HyperNormalisation,3
Doctor Who Deep Breath,1
Dum Laga Ke Haisha,1
Diana In Her Own Words,1
Gandahar,0
Marighella,0
Fox and His Friends,2
Song for a Raggy Boy,3
Baby Doll,4
Badlapur,1
Ghostwatch,3
Antonia's Line,1
Gamera 3 Revenge of Iris,2
The Tuskegee Airmen,1
Taste of Fear,3
Camille,1
Happy People A Year in the Taiga,0
Ben 10 Versus the Universe The Movie,2
Gloria,1
The Merciless,3
Anne of Green Gables The Sequel,1
Kansas City Confidential,1
The Gospel of John,0
Highlander The Search for Vengeance,2
The Sea Hawk,2
Phantom Lady,3
Block-Heads,2
Waste Land,1
Led Zeppelin - The Song Remains the Same,3
The Gold of Naples,4
The Long Walk Home,1
Mobile Suit Gundam Hathaway,2
LA 92,0
The Creator,1
Ghost in the Shell Stand Alone Complex – The Laughing Man,4
Decalogue X,0
TT3D Closer to the Edge,1
Experiment in Terror,1
Nefarious,1
Hobson's Choice,0
Cargo,0
Commitment,1
Chasing Papi,1
Lupin the Third Jigen's Gravestone,2
Until Forever,1
Man's Favorite Sport,1
Inside Men,1
Sergeant Rutledge,4
Face to Face,0
Sinkhole,2
Anne of the Thousand Days,0
Lessons of a Dream,0
The Man Who Sleeps,0
The Gunfighter,1
The Professor,3
"Like Sunday, Like Rain",1
911,0
Guzaarish,1
Titicut Follies,4
Just a Question of Love,4
WWE WrestleMania 31,1
Bodied,1
Dior and I,1
A Little Thing Called Love,4
Man Hunt,1
The Lost Valentine,1
Betting on Zero,4
"Goodbye, Mr. Chips",0
The Pride of the Yankees,4
Breathless,3
Libeled Lady,4
Don't Make Me Go,0
Silmido,3
Baby Face,3
Dino King Journey to Fire Mountain,1
Homeless to Harvard The Liz Murray Story,3
Polícia Federal A Lei é Para Todos - Os Bastidores da Operação Lava Jato,3
The Invisible War,0
Too Many Cooks,0
The Burglars,1
The Courageous Heart of Irena Sendler,4
Unfaithfully Yours,2
Dragon Inn,0
The Emigrants,4
Four Days in September,1
Another Thin Man,4
The Song of Bernadette,3
Dream Horse,1
Shin Ultraman,1
The Four Times,1
The Crimson Permanent Assurance,4
My Annoying Brother,1
"Germany, Year Zero",0
Hello World,1
One Piece Strong World,2
Stand and Deliver,4
Hearts of Darkness A Filmmaker's Apocalypse,0
This Film Is Not Yet Rated,1
Pusher 3,3
Life Itself,1
Queen Margot,0
The Diary of Anne Frank,4
Ordet,0
7 Prisoners,3
The Devils,0
Daisies,0
Detour,2
Fort Apache,1
Courageous,1
Dream 9 Toriko & One Piece & Dragon Ball Z Super Collaboration Special!!,2
The Cranes Are Flying,1
310 to Yuma,4
The Man Who Copied,1
Set It Off,3
SLC Punk,3
Whiplash,3
Winchester '73,2
The Last Detail,0
Pump Up the Volume,3
Lady Snowblood,4
Om Shanti Om,3
Broker,0
Honor Society,1
The Gospel According to Matthew,3
The Message,4
Black Beauty,1
The Collini Case,4
Demon Slayer Kimetsu no Yaiba -To the Swordsmith Village-,2
The Edukators,3
The Cameraman,4
Operation Petticoat,0
Crows Zero,1
Bullhead,3
Summer with Monika,0
Zorba the Greek,4
The Alamo,2
The Front Page,0
My Man Godfrey,1
The Shootist,1
"Paul, Apostle of Christ",0
Mr. Deeds Goes to Town,1
With Every Heartbeat,4
Red Beard,4
Salvador,3
Seconds,0
The Children's Hour,0
Zindagi Na Milegi Dobara,1
Capturing the Friedmans,3
The House with Laughing Windows,3
The Legend of Hei,2
The Public Enemy,1
In America,3
We Are Legion The Story of the Hacktivists,4
Eddie Murphy Raw,2
Taylor Swift Reputation Stadium Tour,0
Faust,2
Intolerance Love's Struggle Throughout the Ages,0
A Coffee in Berlin,1
The Outlaws,1
The Lady Eve,2
Cold Eyes,1
Game of Thrones The Last Watch,2
The Phantom of the Opera,3
Mutiny on the Bounty,0
A Christmas Carol,4
The Big Country,4
Devdas,2
Belzebuth,3
Evil,1
The Woman in the Window,0
Big Time Adolescence,1
The Hawks and the Sparrows,4
Akeelah and the Bee,3
Petite Maman,4
Cave of Forgotten Dreams,0
This Beautiful Fantastic,1
The Cutting Edge,1
The Postman Always Rings Twice,3
Oceans,0
F for Fake,3
Restrepo,0
Tampopo,2
Dark Passage,1
Angst,3
The Long Good Friday,2
Tess,0
The Age of Shadows,1
The Lion in Winter,2
The Killer,2
Gunfight at the O.K. Corral,1
The Caine Mutiny,1
Steins;Gate The Movie - Load Region of Déjà Vu,1
Gladiator,0
A Dog's Life,4
"Steamboat Bill, Jr.",4
April and the Extraordinary World,1
The Broken Hearts Gallery,1
The Spacewalker,0
Trollhunters Rise of the Titans,2
Great Expectations,3
Eat Drink Man Woman,1
Scooby-Doo! and the Reluctant Werewolf,2
The Last Black Man in San Francisco,1
I Can't Think Straight,3
Kedi,1
The Isle,1
Hunger,3
The Sicilian Clan,4
The Servant,3
"To Sir, with Love",0
High Sierra,1
Minnal Murali,1
The Spirit of Christmas,1
The Little Girl Who Lives Down the Lane,0
What's Love Got to Do with It,3
Redeeming Love,1
The Great Race,2
Entergalactic,2
Shottas,2
The Flight of the Phoenix,0
Angels with Dirty Faces,3
Swades,1
Alice,2
Dolls,2
Earthlings,4
Grease Live,1
Ride Your Wave,4
The Cure,1
The Miracle Season,1
Fabricated City,1
Buena Vista Social Club,0
Scooby-Doo and the Ghoul School,2
Love in the Afternoon,0
Running on Empty,0
The Blue Angel,1
My Little Pony A New Generation,2
A Moment to Remember,3
That Man from Rio,4
"They Shoot Horses, Don't They",3
Baby Boy,1
That Time I Got Reincarnated as a Slime the Movie Scarlet Bond,2
Citizen X,3
The Vikings,2
Juliet of the Spirits,3
Lean On Me,3
The Lovers on the Bridge,4
Hoop Dreams,1
The Fortune Cookie,4
The Names of Love,1
The Decameron,4
Forbidden Games,3
The Train,2
Rudderless,3
All That Heaven Allows,2
Invisible Life,3
Paisan,0
The Miracle Worker,0
Europa,0
Adam's Rib,4
RBG,3
The Game Changers,0
Top Hat,2
Kahaani,2
Nanook of the North,1
Hud,1
Sidewalls,4
Beautiful Thing,4
Emergency Declaration,1
Side by Side,0
Green Snake,1
Before the Fall,0
A Star Is Born,1
Letter from an Unknown Woman,1
My Father's Glory,0
Living,1
The Monkey King Reborn,2
Lupin III The First,2
The Wild Child,4
The Ghost and Mrs. Muir,4
South Park Post COVID,4
Katy Perry Part of Me,2
Munna Bhai M.B.B.S.,4
Birds of Passage,0
Memoir of a Murderer,3
Roma,1
Scrooge,2
Stray Dog,0
Iron Monkey,3
Pokémon Arceus and the Jewel of Life,2
Superman II The Richard Donner Cut,3
Tomorrow,4
The Professionals,0
The Awful Truth,1
The Immigrant,3
Winter on Fire Ukraine's Fight for Freedom,0
Bud Abbott and Lou Costello Meet Frankenstein,2
The Starling,0
The Legend of Sleepy Hollow,2
While at War,3
About Fate,1
The Black Stallion,0
Hannah Gadsby Nanette,3
Waking Ned,0
Threads,3
Scarecrow,1
Spielberg,1
Birdman of Alcatraz,4
The Admiral Roaring Currents,0
Unpregnant,1
Windstorm,1
K-12,4
City of Men,0
The Man in the Moon,1
Glee The Concert Movie,2
The Phantom of Liberty,3
Always,1
Facing Windows,3
Belladonna of Sadness,2
The Spy Who Came in from the Cold,3
The Cincinnati Kid,1
Living in Oblivion,4
The Chase,4
For Sama,1
Bread and Tulips,0
The Duke,4
Pillow Talk,1
Sexmission,4
North Face,1
Le Corbeau,0
The Sons of Katie Elder,1
Pickup on South Street,4
Imitation of Life,4
Little Lord Fauntleroy,4
3 Women,0
The Diamond Arm,0
Malicious,4
Wake in Fright,2
My Mother's Castle,1
Gun Crazy,2
The Brain,2
The Eighth Day,1
South Park Imaginationland,2
Law of Desire,2
Cha Cha Real Smooth,4
Mrs. Harris Goes to Paris,4
Brassed Off,4
The Express,1
Splendor in the Grass,3
Trouble in Paradise,3
Unlocked,1
"Suddenly, Last Summer",0
The Green Butchers,4
Wings,2
Let the Bullets Fly,0
The White Sheik,2
Queen,2
Encounters at the End of the World,1
Fluke,1
A Werewolf Boy,3
Dr. Jekyll and Mr. Hyde,3
Enron The Smartest Guys in the Room,3
An Autumn Afternoon,4
Dangerous Beauty,1
Red Nose Day Actually,4
Parasyte Part 1,1
The Beauty Inside,4
Mothra vs. Godzilla,2
The Trip Across Paris,4
Dead of Night,2
Woodstock,4
When the Wind Blows,0
The Thief of Bagdad,1
Wuthering Heights,4
Bomb City,0
The Corporation,4
Rise,1
An Interview with God,1
Shock Corridor,4
Promare,2
Our Hospitality,1
A Man and a Woman,4
One Week,4
Athlete A,0
Drifting Home,2
Bad Boys,1
Insomnia,0
Beyond Outrage,0
The Last Waltz,0
Jab We Met,1
I'm Not Ashamed,1
Rosaline,1
Port of Shadows,0
Breaking Away,1
Bed and Board,4
Upside-Down Magic,1
English Vinglish,1
The Battleship Island,1
Veer-Zaara,1
Dragons Forever,1
The Picture of Dorian Gray,1
War of the Arrows,0
Seven Chances,4
Extreme Job,1
Goblin Slayer -Goblin's Crown-,2
Project A Part II,1
Giant Little Ones,1
My Life as a Dog,1
Ghosts,3
Estômago A Gastronomic Story,1
Tune in for Love,1
The Skeleton Dance,0
American Satan,2
Anvil! The Story of Anvil,4
Lenny,0
Mishima A Life in Four Chapters,3
Hearts Beat Loud,1
Welcome,0
Antoine and Colette,3
Blue Bayou,3
My Little Pony Equestria Girls,2
Meru,1
Dave Chappelle The Age of Spin,1
Mrs. Miniver,1
Beau Travail,0
Overcomer,1
Kontroll,0
Selena Gomez My Mind & Me,1
Quadrophenia,4
Get a Horse!,2
The Bride Wore Black,3
Night and the City,1
Rabid Dogs,2
Lovers of the Arctic Circle,0
The Wild Pear Tree,0
The Naked City,0
Coal Miner's Daughter,1
Tristana,1
Apollo 10½  A Space Age Childhood,2
Le Doulos,3
A Charlie Brown Thanksgiving,4
Fed Up,4
On the Town,1
Pina,1
Bhaag Milkha Bhaag,0
Hamlet,3
Crumb,0
The Color of Pomegranates,0
Mommy Dead and Dearest,1
American Underdog,1
A Night to Remember,2
Meet John Doe,0
Fireheart,2
"Hush... Hush, Sweet Charlotte",4
Street Fighter II The Animated Movie,2
Anne of Green Gables,1
Two for the Road,0
Six Shooter,0
The Heiress,0
Waiting for Guffman,0
Silver Skates,2
Jodhaa Akbar,1
The Silent Revolution,4
The Defiant Ones,1
The Sand Pebbles,4
Europa Europa,0
The Plague Dogs,1
The Mighty,1
Smiles of a Summer Night,1
Beasts Clawing at Straws,2
Mauvais Sang,1
Stroszek,4
The Eight Hundred,2
Sons of the Desert,4
Election,3
Holiday,1
"Happy Halloween, Scooby-Doo!",2
The Testament of Dr. Mabuse,2
Charley Varrick,4
The Bad and the Beautiful,1
Air Doll,1
The Inventor Out for Blood in Silicon Valley,3
Particle Fever,3
The Bible In the Beginning...,4
Sans Soleil,4
Seal Team,2
The Life and Death of Colonel Blimp,0
Who Can Kill a Child,2
The Batman Superman Movie World's Finest,2
The Bad Seed,3
HitchcockTruffaut,3
Hwayi A Monster Boy,3
Oasis,0
The Pixar Story,4
Leave Her to Heaven,1
Feed,1
Something the Lord Made,1
The Human Condition I No Greater Love,1
The Lavender Hill Mob,4
The Spiral Staircase,1
The Cowboys,0
High Strung Free Dance,1
Stop Making Sense,3
Louis C.K. Live at the Beacon Theater,3
The Horse Soldiers,1
The True Cost,4
The Terror Live,3
A Face in the Crowd,4
Boy & the World,2
Neerja,1
The Man from Laramie,3
Assassination,1
The Stronghold,1
The Seven Deadly Sins Grudge of Edinburgh Part 1,2
The Bishop's Wife,2
Butterfly,1
Sound City,0
Life in a Day,4
A Girl Like Her,3
The Roaring Twenties,1
The Wedding Banquet,1
Closely Watched Trains,0
Girl in the Picture,0
"Ghidorah, the Three-Headed Monster",2
Mohabbatein,1
Shin Kamen Rider,4
Godzilla vs. Mechagodzilla,2
Miracle in Milan,2
Ashes and Diamonds,4
Captain Blood,1
Zero Days,0
Penguin Highway,2
Godzilla vs. Destoroyah,2
Elena,1
Moscow Does Not Believe in Tears,2
Virunga,0
Don 2,1
Tumbbad,1
"Murder, My Sweet",1
Till,0
Only Angels Have Wings,2
Oliver Twist,4
Avanti!,1
Carl's Date,1
I Am Heath Ledger,1
Touchez Pas au Grisbi,4
EXIT,1
Under the Same Moon,0
The Stoning of Soraya M.,0
What Have I Done to Deserve This,3
Opening Night,3
A Better Life,0
Love at First Sight,1
When We Were Kings,3
The Class,3
Fellini's Casanova,3
Midnight,1
The Man with the Golden Arm,4
The Draughtsman's Contract,4
Little Women,1
The Navigator,0
"Godzilla, Mothra and King Ghidorah Giant Monsters All-Out Attack",2
The Nativity Story,3
Too Big to Fail,4
The Swimmer,1
North Sea Texas,1
The Lighthouse of the Orcas,1
Simon of the Desert,3
Day of Wrath,0
Looking The Movie,0
Black Clover Sword of the Wizard King,2
The Tiger,0
Blue Story,1
After Life,1
My Days of Mercy,4
Jesus,0
Little Bone Lodge,0
Take My Eyes,3
Mondays in the Sun,0
The Young Offenders,1
Alone,3
Anatomy of a Fall,0
In July,1
The Earrings of Madame de...,3
Talk Radio,3
The Firemen's Ball,4
Spycies,2
Indochine,0
My First Summer,1
Strike,3
Clara,0
Your Name Engraved Herein,1
The Band Wagon,4
Fire Island,1
V.I.P.,3
Cactus Flower,4
Santa Claus Is Comin' to Town,1
The Letter,3
Godzilla vs. Biollante,2
Fury,1
Ride the High Country,4
Kids Return,0
Get Married If You Can,1
Rudo & Cursi,1
All About Lily Chou-Chou,4
Brian Banks,3
The Witch Part 2. The Other One,1
Mr. Klein,4
The Tree of Wooden Clogs,0
"Pamela, A Love Story",1
The Cremator,0
Yankee Doodle Dandy,4
The Hill,4
The Music Box,2
Made in Abyss Dawn of the Deep Soul,1
Black Orpheus,3
When You're Strange,0
The Keeper,1
The Roundup,1
Chimes at Midnight,4
Seobok,0
The Swordsman,1
Hombre,0
The Damned,4
Lost Horizon,2
White Fang,1
A Star Is Born,1
REBORN,3
Tokyo Sonata,1
Nightmare Alley,3
The Mark of Zorro,2
Sergeant York,2
Zeitgeist Moving Forward,3
Bitter Rice,1
Is Paris Burning,4
You Are the Apple of My Eye,0
A Good Person,1
Pokémon the Movie The Power of Us,2
Monster High The Movie,1
Mom,0
Machuca,0
Audrie & Daisy,1
Julius Caesar,4
Summerland,0
The Bitter Tears of Petra von Kant,0
Alexander Nevsky,2
Queen Days of Our Lives,3
Isle of Flowers,3
Midnight Runners,1
BlackBerry,1
Tower,1
The Ballad of Cable Hogue,1
Murder She Said,2
Phineas and Ferb Star Wars,2
An Adventure in Space and Time,0
Deliver Us from Evil,0
Firebreather,1
Survive Style 5+,2
Spare Parts,3
Godzilla Against MechaGodzilla,1
The White Helmets,0
The Soft Skin,4
No Tears for the Dead,0
A Million Miles Away,1
Modigliani,3
Be with You,1
Black,1
Forever Strong,1
K.G.F Chapter 1,0
Othello,3
Radio Flyer,3
Way Out West,2
Love on the Run,4
Jerry & Marge Go Large,1
Ball of Fire,1
Lage Raho Munna Bhai,4
Saving Face,1
Scooby-Doo! Frankencreepy,2
I Am a Fugitive from a Chain Gang,4
Scooby-Doo! The Sword and the Scoob,2
Magical Girl,4
The Rescue,0
Racing Extinction,1
The Road Home,1
"The Long, Hot Summer",4
"Night Is Short, Walk On Girl",2
You Keep the Kids,1
84 Charing Cross Road,4
The Return of Godzilla,2
The Red Pill,4
"Now, Voyager",4
Beavis and Butt-Head Do the Universe,2
Airlift,1
Happiness,0
Pixote,3
King of Kings,3
Duma,0
Death Rides a Horse,3
Break the Silence The Movie,0
Eega,2
Contract Killer,1
The Net,1
Minuscule 2 Mandibles from Far Away,4
A Day at the Races,4
Earth One Amazing Day,1
Ghost Mansion,1
The Petrified Forest,1
Lust for Life,1
Codename Kids Next Door - Operation Z.E.R.O.,2
"BARDO, False Chronicle of a Handful of Truths",3
Seven Days in May,3
The Old Mill,2
Whitney,0
Targets,4
Funeral Parade of Roses,0
Faces,0
The Front Line,0
The Collector,4
Summer 1993,1
The Castle,1
Kuroneko,3
Batman Beyond The Movie,2
Unknown Soldier,0
A Dirty Carnival,1
10 Rillington Place,3
Barefoot Gen,2
Vortex,0
Trolls Holiday in Harmony,2
Special 26,1
Bugs Bunny's 3rd Movie 1001 Rabbit Tales,2
12 Mighty Orphans,0
"Kiss Me, Stupid",4
"Secretly, Greatly",1
Drishyam,1
The Man Who Laughs,0
The Swindle,4
The Official Story,4
Metamorphosis,1
The Court Jester,1
Welcome to Dongmakgol,1
Odd Man Out,3
Coming Home,4
The Hunchback of Notre Dame,1
Save Ralph,1
The Enemy Below,3
Godzilla vs. Mechagodzilla II,2
Scum,4
Cops,0
Stromboli,1
Brute Force,3
Last Train from Gun Hill,1
Sacco & Vanzetti,4
The Magician's Elephant,1
The Perfect Dictatorship,1
A Town Called Panic,2
Cats Don't Dance,2
Justice League Warworld,1
Days of Wine and Roses,0
Make Way for Tomorrow,4
Sgt. Stubby An American Hero,1
Who Killed the Electric Car,1
Stand by Me Doraemon 2,4
The Human Condition II Road to Eternity,1
Priceless,0
Soaked in Bleach,0
Logorama,3
Trick or Treat Scooby-Doo!,2
Alienoid,1
Rockstar,2
The Monsters,1
Borrowed Time,0
Design for Living,3
Waterloo,2
The Loud House Movie,2
Winged Migration,0
Goliyon Ki Raasleela Ram-Leela,2
Little Fish,0
Mr. Blandings Builds His Dream House,4
Requiem for the American Dream,3
The Band Concert,4
Strange Circus,1
Alien Abduction Incident in Lake County,0
Jezebel,1
Ballad of a Soldier,0
Greed,3
